Company,Location HQ,num_laid_off,Date,layoff_percentage,Industry,Source,Stage,$ Raised (mm),Country,Date Added,title,selftext,date
,,,,,,,,,,,AI layoffs at my company this week,Our helpdesk was replaced by a chatbot. I’m still in shock.,2023-04-15
,,,,,,,,,,,AI layoffs at my company this week,"They said GPT-style tools would help us, but instead they replaced our entire documentation team.",2025-07-02
,,,,,,,,,,,AI replaced my role in finance,"AI took over my job. I’m trying to stay positive, but it’s hard.",2025-11-10
,,,,,,,,,,,Automation eliminated my warehouse job,"AI took over my job. I’m trying to stay positive, but it’s hard.",2023-08-15
,,,,,,,,,,,Automation eliminated my warehouse job,The finance team was downsized after AI tools were introduced. I was one of the first to go.,2023-11-08
,,,,,,,,,,,Chatbot replaced our helpdesk,The finance team was downsized after AI tools were introduced. I was one of the first to go.,2024-09-02
,,,,,,,,,,,GPT tools replaced our documentation team,"I never thought my job in logistics could be automated, but here we are. AI systems are now doing what I used to do.",2025-12-22
,,,,,,,,,,,GPT tools replaced our documentation team,Our helpdesk was replaced by a chatbot. I’m still in shock.,2025-12-07
,,,,,,,,,,,AI layoffs at my company this week,"AI took over my job. I’m trying to stay positive, but it’s hard.",2023-08-30
,,,,,,,,,,,Laid off after 12 years due to AI integration,"I never thought my job in logistics could be automated, but here we are. AI systems are now doing what I used to do.",2025-09-09
,,,,,,,,,,,Chatbot replaced our helpdesk,"Our department was told that automation would improve efficiency. A week later, we were all laid off.",2023-09-01
,,,,,,,,,,,Automation eliminated my warehouse job,I was laid off last week. They said automation was the future and we were no longer needed.,2023-05-12
,,,,,,,,,,,Chatbot replaced our helpdesk,"I worked in customer service for over a decade. Last month, they replaced our entire team with AI bots. It's devastating.",2025-11-30
,,,,,,,,,,,Automation took over my logistics job,"I worked in customer service for over a decade. Last month, they replaced our entire team with AI bots. It's devastating.",2025-08-13
,,,,,,,,,,,Customer support replaced by chatbots,"I was part of a team that trained AI models. Ironically, those same models made our roles redundant.",2025-02-17
,,,,,,,,,,,GPT tools replaced our documentation team,The finance team was downsized after AI tools were introduced. I was one of the first to go.,2024-02-01
,,,,,,,,,,,Chatbot replaced our helpdesk,"AI took over my job. I’m trying to stay positive, but it’s hard.",2023-03-10
,,,,,,,,,,,AI replaced my role in finance,"I feel betrayed. After years of loyalty, a chatbot took over my responsibilities.",2025-01-24
,,,,,,,,,,,Laid off after 12 years due to AI integration,"I never thought my job in logistics could be automated, but here we are. AI systems are now doing what I used to do.",2025-10-07
,,,,,,,,,,,Automation eliminated my warehouse job,"I never thought my job in logistics could be automated, but here we are. AI systems are now doing what I used to do.",2025-04-26
,,,,,,,,,,,Laid off after 12 years due to AI integration,"I feel betrayed. After years of loyalty, a chatbot took over my responsibilities.",2025-04-21
,,,,,,,,,,,AI-driven layoffs hit our department,I was laid off last week. They said automation was the future and we were no longer needed.,2025-07-08
,,,,,,,,,,,Automation took over my logistics job,"I was part of a team that trained AI models. Ironically, those same models made our roles redundant.",2024-02-12
,,,,,,,,,,,Laid off after 12 years due to AI integration,Our helpdesk was replaced by a chatbot. I’m still in shock.,2024-10-12
,,,,,,,,,,,Chatbot replaced our helpdesk,"I was part of a team that trained AI models. Ironically, those same models made our roles redundant.",2025-08-16
,,,,,,,,,,,Chatbot replaced our helpdesk,Our helpdesk was replaced by a chatbot. I’m still in shock.,2025-01-21
,,,,,,,,,,,AI-driven layoffs hit our department,"I worked in customer service for over a decade. Last month, they replaced our entire team with AI bots. It's devastating.",2024-07-09
,,,,,,,,,,,Automation eliminated my warehouse job,"They said GPT-style tools would help us, but instead they replaced our entire documentation team.",2024-12-31
,,,,,,,,,,,Automation eliminated my warehouse job,Our helpdesk was replaced by a chatbot. I’m still in shock.,2025-10-13
,,,,,,,,,,,AI-driven layoffs hit our department,The finance team was downsized after AI tools were introduced. I was one of the first to go.,2023-03-31
,,,,,,,,,,,Automation took over my logistics job,The finance team was downsized after AI tools were introduced. I was one of the first to go.,2024-01-08
,,,,,,,,,,,Laid off after 12 years due to AI integration,"AI took over my job. I’m trying to stay positive, but it’s hard.",2024-10-27
,,,,,,,,,,,Automation took over my logistics job,Our helpdesk was replaced by a chatbot. I’m still in shock.,2023-11-15
,,,,,,,,,,,Lost my job to a chatbot,"I feel betrayed. After years of loyalty, a chatbot took over my responsibilities.",2023-08-15
,,,,,,,,,,,Laid off after 12 years due to AI integration,"They said GPT-style tools would help us, but instead they replaced our entire documentation team.",2023-09-28
,,,,,,,,,,,Customer support replaced by chatbots,"I worked in customer service for over a decade. Last month, they replaced our entire team with AI bots. It's devastating.",2023-05-18
,,,,,,,,,,,Customer support replaced by chatbots,The finance team was downsized after AI tools were introduced. I was one of the first to go.,2025-03-13
,,,,,,,,,,,Automation eliminated my warehouse job,"I feel betrayed. After years of loyalty, a chatbot took over my responsibilities.",2025-08-06
,,,,,,,,,,,Customer support replaced by chatbots,"Our department was told that automation would improve efficiency. A week later, we were all laid off.",2025-10-07
,,,,,,,,,,,AI replaced my role in finance,Our helpdesk was replaced by a chatbot. I’m still in shock.,2024-12-20
,,,,,,,,,,,Chatbot replaced our helpdesk,I was laid off last week. They said automation was the future and we were no longer needed.,2023-04-05
,,,,,,,,,,,Laid off after 12 years due to AI integration,"I was part of a team that trained AI models. Ironically, those same models made our roles redundant.",2024-06-01
,,,,,,,,,,,GPT tools replaced our documentation team,"Our department was told that automation would improve efficiency. A week later, we were all laid off.",2024-07-15
,,,,,,,,,,,AI-driven layoffs hit our department,"I feel betrayed. After years of loyalty, a chatbot took over my responsibilities.",2023-04-24
,,,,,,,,,,,AI replaced my role in finance,"I worked in customer service for over a decade. Last month, they replaced our entire team with AI bots. It's devastating.",2024-06-21
,,,,,,,,,,,AI-driven layoffs hit our department,"AI took over my job. I’m trying to stay positive, but it’s hard.",2023-01-12
,,,,,,,,,,,GPT tools replaced our documentation team,The finance team was downsized after AI tools were introduced. I was one of the first to go.,2025-10-23
,,,,,,,,,,,Automation took over my logistics job,"They said GPT-style tools would help us, but instead they replaced our entire documentation team.",2025-10-22
,,,,,,,,,,,GPT tools replaced our documentation team,Our helpdesk was replaced by a chatbot. I’m still in shock.,2023-07-09
,,,,,,,,,,,Customer support replaced by chatbots,The finance team was downsized after AI tools were introduced. I was one of the first to go.,2024-05-28
,,,,,,,,,,,AI-driven layoffs hit our department,"I never thought my job in logistics could be automated, but here we are. AI systems are now doing what I used to do.",2023-09-24
,,,,,,,,,,,GPT tools replaced our documentation team,"I never thought my job in logistics could be automated, but here we are. AI systems are now doing what I used to do.",2024-05-06
,,,,,,,,,,,Laid off after 12 years due to AI integration,"I was part of a team that trained AI models. Ironically, those same models made our roles redundant.",2024-01-14
,,,,,,,,,,,Laid off after 12 years due to AI integration,The finance team was downsized after AI tools were introduced. I was one of the first to go.,2025-11-09
,,,,,,,,,,,GPT tools replaced our documentation team,Our helpdesk was replaced by a chatbot. I’m still in shock.,2023-04-27
,,,,,,,,,,,Lost my job to a chatbot,"They said GPT-style tools would help us, but instead they replaced our entire documentation team.",2024-05-18
,,,,,,,,,,,Automation took over my logistics job,I was laid off last week. They said automation was the future and we were no longer needed.,2024-05-30
,,,,,,,,,,,Chatbot replaced our helpdesk,"I feel betrayed. After years of loyalty, a chatbot took over my responsibilities.",2024-06-21
,,,,,,,,,,,AI replaced my role in finance,"They said GPT-style tools would help us, but instead they replaced our entire documentation team.",2023-10-23
,,,,,,,,,,,Automation eliminated my warehouse job,"AI took over my job. I’m trying to stay positive, but it’s hard.",2023-07-10
,,,,,,,,,,,Laid off after 12 years due to AI integration,"Our department was told that automation would improve efficiency. A week later, we were all laid off.",2024-11-27
,,,,,,,,,,,Chatbot replaced our helpdesk,"I was part of a team that trained AI models. Ironically, those same models made our roles redundant.",2024-12-12
,,,,,,,,,,,Laid off after 12 years due to AI integration,I was laid off last week. They said automation was the future and we were no longer needed.,2025-05-28
,,,,,,,,,,,AI layoffs at my company this week,"I was part of a team that trained AI models. Ironically, those same models made our roles redundant.",2023-09-02
,,,,,,,,,,,Laid off after 12 years due to AI integration,"AI took over my job. I’m trying to stay positive, but it’s hard.",2025-09-02
,,,,,,,,,,,Chatbot replaced our helpdesk,"I worked in customer service for over a decade. Last month, they replaced our entire team with AI bots. It's devastating.",2023-03-27
,,,,,,,,,,,GPT tools replaced our documentation team,"I feel betrayed. After years of loyalty, a chatbot took over my responsibilities.",2024-04-11
,,,,,,,,,,,Lost my job to a chatbot,"AI took over my job. I’m trying to stay positive, but it’s hard.",2023-10-30
,,,,,,,,,,,GPT tools replaced our documentation team,"I worked in customer service for over a decade. Last month, they replaced our entire team with AI bots. It's devastating.",2023-06-22
,,,,,,,,,,,GPT tools replaced our documentation team,"I worked in customer service for over a decade. Last month, they replaced our entire team with AI bots. It's devastating.",2024-08-21
,,,,,,,,,,,Customer support replaced by chatbots,"I feel betrayed. After years of loyalty, a chatbot took over my responsibilities.",2025-09-15
,,,,,,,,,,,AI replaced my role in finance,"They said GPT-style tools would help us, but instead they replaced our entire documentation team.",2023-12-10
,,,,,,,,,,,AI-driven layoffs hit our department,"I worked in customer service for over a decade. Last month, they replaced our entire team with AI bots. It's devastating.",2023-08-12
,,,,,,,,,,,Chatbot replaced our helpdesk,"I worked in customer service for over a decade. Last month, they replaced our entire team with AI bots. It's devastating.",2023-02-18
,,,,,,,,,,,Lost my job to a chatbot,The finance team was downsized after AI tools were introduced. I was one of the first to go.,2024-09-13
,,,,,,,,,,,Chatbot replaced our helpdesk,"Our department was told that automation would improve efficiency. A week later, we were all laid off.",2025-10-08
,,,,,,,,,,,AI layoffs at my company this week,"I feel betrayed. After years of loyalty, a chatbot took over my responsibilities.",2024-08-08
,,,,,,,,,,,Chatbot replaced our helpdesk,The finance team was downsized after AI tools were introduced. I was one of the first to go.,2025-10-05
,,,,,,,,,,,Chatbot replaced our helpdesk,"I worked in customer service for over a decade. Last month, they replaced our entire team with AI bots. It's devastating.",2023-05-24
,,,,,,,,,,,Customer support replaced by chatbots,"They said GPT-style tools would help us, but instead they replaced our entire documentation team.",2024-11-26
,,,,,,,,,,,Chatbot replaced our helpdesk,"Our department was told that automation would improve efficiency. A week later, we were all laid off.",2023-01-25
,,,,,,,,,,,Automation eliminated my warehouse job,I was laid off last week. They said automation was the future and we were no longer needed.,2024-08-05
,,,,,,,,,,,Automation eliminated my warehouse job,"I never thought my job in logistics could be automated, but here we are. AI systems are now doing what I used to do.",2024-04-26
,,,,,,,,,,,Automation eliminated my warehouse job,I was laid off last week. They said automation was the future and we were no longer needed.,2025-06-16
,,,,,,,,,,,Chatbot replaced our helpdesk,"They said GPT-style tools would help us, but instead they replaced our entire documentation team.",2023-07-20
,,,,,,,,,,,Customer support replaced by chatbots,Our helpdesk was replaced by a chatbot. I’m still in shock.,2023-10-22
,,,,,,,,,,,AI-driven layoffs hit our department,Our helpdesk was replaced by a chatbot. I’m still in shock.,2024-06-10
,,,,,,,,,,,AI layoffs at my company this week,"Our department was told that automation would improve efficiency. A week later, we were all laid off.",2024-12-08
,,,,,,,,,,,Customer support replaced by chatbots,Our helpdesk was replaced by a chatbot. I’m still in shock.,2024-06-26
,,,,,,,,,,,Laid off after 12 years due to AI integration,"I feel betrayed. After years of loyalty, a chatbot took over my responsibilities.",2025-05-24
,,,,,,,,,,,GPT tools replaced our documentation team,"Our department was told that automation would improve efficiency. A week later, we were all laid off.",2023-07-22
,,,,,,,,,,,Laid off after 12 years due to AI integration,The finance team was downsized after AI tools were introduced. I was one of the first to go.,2023-08-30
,,,,,,,,,,,GPT tools replaced our documentation team,I was laid off last week. They said automation was the future and we were no longer needed.,2025-09-14
,,,,,,,,,,,Customer support replaced by chatbots,"I feel betrayed. After years of loyalty, a chatbot took over my responsibilities.",2025-07-22
,,,,,,,,,,,Customer support replaced by chatbots,"They said GPT-style tools would help us, but instead they replaced our entire documentation team.",2024-07-12
,,,,,,,,,,,Automation eliminated my warehouse job,Our helpdesk was replaced by a chatbot. I’m still in shock.,2023-06-07
,,,,,,,,,,,AI-driven layoffs hit our department,"I feel betrayed. After years of loyalty, a chatbot took over my responsibilities.",2025-10-22
,,,,,,,,,,,Lost my job to a chatbot,"They said GPT-style tools would help us, but instead they replaced our entire documentation team.",2023-11-27
,,,,,,,,,,,Laid off after 12 years due to AI integration,"AI took over my job. I’m trying to stay positive, but it’s hard.",2025-12-16
,,,,,,,,,,,AI replaced my role in finance,"Our department was told that automation would improve efficiency. A week later, we were all laid off.",2023-05-15
,,,,,,,,,,,Customer support replaced by chatbots,Our helpdesk was replaced by a chatbot. I’m still in shock.,2024-12-09
,,,,,,,,,,,Lost my job to a chatbot,"I never thought my job in logistics could be automated, but here we are. AI systems are now doing what I used to do.",2023-08-03
,,,,,,,,,,,Customer support replaced by chatbots,"I never thought my job in logistics could be automated, but here we are. AI systems are now doing what I used to do.",2025-01-15
,,,,,,,,,,,Customer support replaced by chatbots,"I worked in customer service for over a decade. Last month, they replaced our entire team with AI bots. It's devastating.",2023-06-20
,,,,,,,,,,,Chatbot replaced our helpdesk,"Our department was told that automation would improve efficiency. A week later, we were all laid off.",2024-04-17
,,,,,,,,,,,AI-driven layoffs hit our department,"I feel betrayed. After years of loyalty, a chatbot took over my responsibilities.",2024-03-13
,,,,,,,,,,,AI replaced my role in finance,"Our department was told that automation would improve efficiency. A week later, we were all laid off.",2025-06-20
,,,,,,,,,,,Automation took over my logistics job,"I never thought my job in logistics could be automated, but here we are. AI systems are now doing what I used to do.",2025-12-25
,,,,,,,,,,,Automation eliminated my warehouse job,Our helpdesk was replaced by a chatbot. I’m still in shock.,2023-07-02
,,,,,,,,,,,AI layoffs at my company this week,The finance team was downsized after AI tools were introduced. I was one of the first to go.,2024-04-10
,,,,,,,,,,,AI-driven layoffs hit our department,"I worked in customer service for over a decade. Last month, they replaced our entire team with AI bots. It's devastating.",2025-07-02
,,,,,,,,,,,AI replaced my role in finance,"Our department was told that automation would improve efficiency. A week later, we were all laid off.",2023-05-20
,,,,,,,,,,,Automation eliminated my warehouse job,"They said GPT-style tools would help us, but instead they replaced our entire documentation team.",2023-10-28
,,,,,,,,,,,Laid off after 12 years due to AI integration,"I worked in customer service for over a decade. Last month, they replaced our entire team with AI bots. It's devastating.",2023-12-28
,,,,,,,,,,,AI layoffs at my company this week,"Our department was told that automation would improve efficiency. A week later, we were all laid off.",2024-09-30
,,,,,,,,,,,Lost my job to a chatbot,"AI took over my job. I’m trying to stay positive, but it’s hard.",2023-08-05
,,,,,,,,,,,Automation took over my logistics job,I was laid off last week. They said automation was the future and we were no longer needed.,2024-04-10
,,,,,,,,,,,Automation eliminated my warehouse job,"AI took over my job. I’m trying to stay positive, but it’s hard.",2025-06-10
,,,,,,,,,,,Laid off after 12 years due to AI integration,"I was part of a team that trained AI models. Ironically, those same models made our roles redundant.",2024-11-02
,,,,,,,,,,,Laid off after 12 years due to AI integration,Our helpdesk was replaced by a chatbot. I’m still in shock.,2025-02-01
,,,,,,,,,,,Laid off after 12 years due to AI integration,"They said GPT-style tools would help us, but instead they replaced our entire documentation team.",2025-07-26
,,,,,,,,,,,AI replaced my role in finance,I was laid off last week. They said automation was the future and we were no longer needed.,2024-08-11
,,,,,,,,,,,Customer support replaced by chatbots,"They said GPT-style tools would help us, but instead they replaced our entire documentation team.",2023-03-25
,,,,,,,,,,,Lost my job to a chatbot,"I never thought my job in logistics could be automated, but here we are. AI systems are now doing what I used to do.",2024-12-13
,,,,,,,,,,,Customer support replaced by chatbots,"I feel betrayed. After years of loyalty, a chatbot took over my responsibilities.",2023-09-19
,,,,,,,,,,,GPT tools replaced our documentation team,Our helpdesk was replaced by a chatbot. I’m still in shock.,2025-04-18
,,,,,,,,,,,AI replaced my role in finance,Our helpdesk was replaced by a chatbot. I’m still in shock.,2023-08-16
,,,,,,,,,,,AI layoffs at my company this week,"AI took over my job. I’m trying to stay positive, but it’s hard.",2025-01-18
,,,,,,,,,,,GPT tools replaced our documentation team,"I worked in customer service for over a decade. Last month, they replaced our entire team with AI bots. It's devastating.",2024-08-17
,,,,,,,,,,,Automation took over my logistics job,"I worked in customer service for over a decade. Last month, they replaced our entire team with AI bots. It's devastating.",2023-02-18
,,,,,,,,,,,GPT tools replaced our documentation team,"I feel betrayed. After years of loyalty, a chatbot took over my responsibilities.",2023-05-06
,,,,,,,,,,,AI replaced my role in finance,"Our department was told that automation would improve efficiency. A week later, we were all laid off.",2023-10-24
,,,,,,,,,,,Lost my job to a chatbot,"I never thought my job in logistics could be automated, but here we are. AI systems are now doing what I used to do.",2024-11-04
,,,,,,,,,,,Chatbot replaced our helpdesk,I was laid off last week. They said automation was the future and we were no longer needed.,2023-05-10
,,,,,,,,,,,Chatbot replaced our helpdesk,"I never thought my job in logistics could be automated, but here we are. AI systems are now doing what I used to do.",2023-11-04
,,,,,,,,,,,Automation took over my logistics job,Our helpdesk was replaced by a chatbot. I’m still in shock.,2025-03-21
,,,,,,,,,,,AI replaced my role in finance,"They said GPT-style tools would help us, but instead they replaced our entire documentation team.",2025-09-12
,,,,,,,,,,,Automation eliminated my warehouse job,"They said GPT-style tools would help us, but instead they replaced our entire documentation team.",2024-10-30
,,,,,,,,,,,Automation eliminated my warehouse job,Our helpdesk was replaced by a chatbot. I’m still in shock.,2023-12-06
,,,,,,,,,,,Customer support replaced by chatbots,"I never thought my job in logistics could be automated, but here we are. AI systems are now doing what I used to do.",2025-07-03
,,,,,,,,,,,GPT tools replaced our documentation team,The finance team was downsized after AI tools were introduced. I was one of the first to go.,2025-11-09
,,,,,,,,,,,Chatbot replaced our helpdesk,I was laid off last week. They said automation was the future and we were no longer needed.,2024-06-13
,,,,,,,,,,,Customer support replaced by chatbots,The finance team was downsized after AI tools were introduced. I was one of the first to go.,2024-06-05
,,,,,,,,,,,AI layoffs at my company this week,Our helpdesk was replaced by a chatbot. I’m still in shock.,2024-05-23
,,,,,,,,,,,Customer support replaced by chatbots,I was laid off last week. They said automation was the future and we were no longer needed.,2023-12-07
,,,,,,,,,,,Chatbot replaced our helpdesk,"I never thought my job in logistics could be automated, but here we are. AI systems are now doing what I used to do.",2024-10-12
,,,,,,,,,,,Laid off after 12 years due to AI integration,"I worked in customer service for over a decade. Last month, they replaced our entire team with AI bots. It's devastating.",2024-05-28
,,,,,,,,,,,Laid off after 12 years due to AI integration,"I was part of a team that trained AI models. Ironically, those same models made our roles redundant.",2025-07-18
,,,,,,,,,,,Automation took over my logistics job,"I feel betrayed. After years of loyalty, a chatbot took over my responsibilities.",2024-06-22
,,,,,,,,,,,AI replaced my role in finance,"I was part of a team that trained AI models. Ironically, those same models made our roles redundant.",2024-02-05
,,,,,,,,,,,Automation eliminated my warehouse job,"AI took over my job. I’m trying to stay positive, but it’s hard.",2023-06-03
,,,,,,,,,,,Chatbot replaced our helpdesk,"AI took over my job. I’m trying to stay positive, but it’s hard.",2023-05-17
,,,,,,,,,,,Customer support replaced by chatbots,"AI took over my job. I’m trying to stay positive, but it’s hard.",2023-06-04
,,,,,,,,,,,Automation eliminated my warehouse job,The finance team was downsized after AI tools were introduced. I was one of the first to go.,2024-07-11
,,,,,,,,,,,AI layoffs at my company this week,Our helpdesk was replaced by a chatbot. I’m still in shock.,2025-09-03
,,,,,,,,,,,AI-driven layoffs hit our department,The finance team was downsized after AI tools were introduced. I was one of the first to go.,2025-09-16
,,,,,,,,,,,Chatbot replaced our helpdesk,"I was part of a team that trained AI models. Ironically, those same models made our roles redundant.",2025-01-18
,,,,,,,,,,,GPT tools replaced our documentation team,The finance team was downsized after AI tools were introduced. I was one of the first to go.,2024-05-09
,,,,,,,,,,,Customer support replaced by chatbots,I was laid off last week. They said automation was the future and we were no longer needed.,2024-12-19
,,,,,,,,,,,Automation took over my logistics job,"Our department was told that automation would improve efficiency. A week later, we were all laid off.",2023-10-05
,,,,,,,,,,,Customer support replaced by chatbots,Our helpdesk was replaced by a chatbot. I’m still in shock.,2025-11-13
,,,,,,,,,,,Customer support replaced by chatbots,"I never thought my job in logistics could be automated, but here we are. AI systems are now doing what I used to do.",2024-07-04
,,,,,,,,,,,Customer support replaced by chatbots,I was laid off last week. They said automation was the future and we were no longer needed.,2024-06-11
,,,,,,,,,,,Chatbot replaced our helpdesk,Our helpdesk was replaced by a chatbot. I’m still in shock.,2024-11-28
,,,,,,,,,,,Customer support replaced by chatbots,I was laid off last week. They said automation was the future and we were no longer needed.,2023-05-19
,,,,,,,,,,,Automation eliminated my warehouse job,"I feel betrayed. After years of loyalty, a chatbot took over my responsibilities.",2023-03-04
,,,,,,,,,,,AI-driven layoffs hit our department,"I feel betrayed. After years of loyalty, a chatbot took over my responsibilities.",2024-01-30
,,,,,,,,,,,Chatbot replaced our helpdesk,"I never thought my job in logistics could be automated, but here we are. AI systems are now doing what I used to do.",2023-10-20
,,,,,,,,,,,Automation eliminated my warehouse job,I was laid off last week. They said automation was the future and we were no longer needed.,2025-01-08
,,,,,,,,,,,Automation eliminated my warehouse job,Our helpdesk was replaced by a chatbot. I’m still in shock.,2024-05-25
,,,,,,,,,,,Lost my job to a chatbot,"I never thought my job in logistics could be automated, but here we are. AI systems are now doing what I used to do.",2023-12-02
,,,,,,,,,,,GPT tools replaced our documentation team,"I never thought my job in logistics could be automated, but here we are. AI systems are now doing what I used to do.",2025-02-14
,,,,,,,,,,,Automation took over my logistics job,Our helpdesk was replaced by a chatbot. I’m still in shock.,2024-09-06
,,,,,,,,,,,GPT tools replaced our documentation team,"AI took over my job. I’m trying to stay positive, but it’s hard.",2025-03-07
,,,,,,,,,,,Automation took over my logistics job,"I feel betrayed. After years of loyalty, a chatbot took over my responsibilities.",2023-01-08
,,,,,,,,,,,Lost my job to a chatbot,I was laid off last week. They said automation was the future and we were no longer needed.,2023-12-23
,,,,,,,,,,,Chatbot replaced our helpdesk,"I was part of a team that trained AI models. Ironically, those same models made our roles redundant.",2025-04-29
,,,,,,,,,,,Chatbot replaced our helpdesk,"They said GPT-style tools would help us, but instead they replaced our entire documentation team.",2024-12-04
,,,,,,,,,,,AI layoffs at my company this week,Our helpdesk was replaced by a chatbot. I’m still in shock.,2023-04-18
,,,,,,,,,,,AI-driven layoffs hit our department,"I feel betrayed. After years of loyalty, a chatbot took over my responsibilities.",2025-09-30
,,,,,,,,,,,Customer support replaced by chatbots,"I was part of a team that trained AI models. Ironically, those same models made our roles redundant.",2024-01-21
,,,,,,,,,,,Chatbot replaced our helpdesk,"AI took over my job. I’m trying to stay positive, but it’s hard.",2023-09-07
,,,,,,,,,,,Automation took over my logistics job,"I worked in customer service for over a decade. Last month, they replaced our entire team with AI bots. It's devastating.",2024-08-08
,,,,,,,,,,,AI layoffs at my company this week,"I feel betrayed. After years of loyalty, a chatbot took over my responsibilities.",2025-05-23
,,,,,,,,,,,Laid off after 12 years due to AI integration,The finance team was downsized after AI tools were introduced. I was one of the first to go.,2025-04-25
,,,,,,,,,,,AI layoffs at my company this week,Our helpdesk was replaced by a chatbot. I’m still in shock.,2023-01-28
,,,,,,,,,,,AI-driven layoffs hit our department,"I feel betrayed. After years of loyalty, a chatbot took over my responsibilities.",2023-02-08
,,,,,,,,,,,Automation took over my logistics job,Our helpdesk was replaced by a chatbot. I’m still in shock.,2023-04-17
,,,,,,,,,,,AI replaced my role in finance,"They said GPT-style tools would help us, but instead they replaced our entire documentation team.",2025-03-10
,,,,,,,,,,,AI replaced my role in finance,Our helpdesk was replaced by a chatbot. I’m still in shock.,2023-06-30
,,,,,,,,,,,AI replaced my role in finance,Our helpdesk was replaced by a chatbot. I’m still in shock.,2023-07-11
,,,,,,,,,,,GPT tools replaced our documentation team,"AI took over my job. I’m trying to stay positive, but it’s hard.",2024-01-12
,,,,,,,,,,,Automation took over my logistics job,The finance team was downsized after AI tools were introduced. I was one of the first to go.,2024-01-05
,,,,,,,,,,,Customer support replaced by chatbots,"I worked in customer service for over a decade. Last month, they replaced our entire team with AI bots. It's devastating.",2025-11-06
,,,,,,,,,,,Lost my job to a chatbot,The finance team was downsized after AI tools were introduced. I was one of the first to go.,2023-06-03
,,,,,,,,,,,Lost my job to a chatbot,"I worked in customer service for over a decade. Last month, they replaced our entire team with AI bots. It's devastating.",2025-09-08
,,,,,,,,,,,AI replaced my role in finance,"Our department was told that automation would improve efficiency. A week later, we were all laid off.",2023-10-08
,,,,,,,,,,,AI layoffs at my company this week,"I feel betrayed. After years of loyalty, a chatbot took over my responsibilities.",2023-09-28
,,,,,,,,,,,Automation took over my logistics job,"I worked in customer service for over a decade. Last month, they replaced our entire team with AI bots. It's devastating.",2023-02-12
,,,,,,,,,,,Automation took over my logistics job,"I was part of a team that trained AI models. Ironically, those same models made our roles redundant.",2025-03-13
,,,,,,,,,,,AI layoffs at my company this week,I was laid off last week. They said automation was the future and we were no longer needed.,2025-08-20
,,,,,,,,,,,Laid off after 12 years due to AI integration,"Our department was told that automation would improve efficiency. A week later, we were all laid off.",2024-06-01
,,,,,,,,,,,Automation eliminated my warehouse job,"Our department was told that automation would improve efficiency. A week later, we were all laid off.",2024-06-08
,,,,,,,,,,,AI replaced my role in finance,"I was part of a team that trained AI models. Ironically, those same models made our roles redundant.",2023-09-26
,,,,,,,,,,,Chatbot replaced our helpdesk,The finance team was downsized after AI tools were introduced. I was one of the first to go.,2024-04-28
,,,,,,,,,,,AI-driven layoffs hit our department,The finance team was downsized after AI tools were introduced. I was one of the first to go.,2025-12-01
,,,,,,,,,,,Customer support replaced by chatbots,"They said GPT-style tools would help us, but instead they replaced our entire documentation team.",2023-11-07
,,,,,,,,,,,Lost my job to a chatbot,Our helpdesk was replaced by a chatbot. I’m still in shock.,2023-04-10
,,,,,,,,,,,Chatbot replaced our helpdesk,"I was part of a team that trained AI models. Ironically, those same models made our roles redundant.",2024-03-16
,,,,,,,,,,,Customer support replaced by chatbots,Our helpdesk was replaced by a chatbot. I’m still in shock.,2025-02-21
,,,,,,,,,,,Laid off after 12 years due to AI integration,The finance team was downsized after AI tools were introduced. I was one of the first to go.,2023-06-16
,,,,,,,,,,,Automation eliminated my warehouse job,"I was part of a team that trained AI models. Ironically, those same models made our roles redundant.",2025-11-24
,,,,,,,,,,,Chatbot replaced our helpdesk,"Our department was told that automation would improve efficiency. A week later, we were all laid off.",2024-05-06
,,,,,,,,,,,GPT tools replaced our documentation team,"I was part of a team that trained AI models. Ironically, those same models made our roles redundant.",2024-04-09
,,,,,,,,,,,Automation eliminated my warehouse job,The finance team was downsized after AI tools were introduced. I was one of the first to go.,2023-05-11
,,,,,,,,,,,AI replaced my role in finance,"They said GPT-style tools would help us, but instead they replaced our entire documentation team.",2024-04-12
,,,,,,,,,,,AI-driven layoffs hit our department,The finance team was downsized after AI tools were introduced. I was one of the first to go.,2024-09-21
,,,,,,,,,,,Automation eliminated my warehouse job,I was laid off last week. They said automation was the future and we were no longer needed.,2024-03-27
,,,,,,,,,,,Automation eliminated my warehouse job,"AI took over my job. I’m trying to stay positive, but it’s hard.",2024-04-21
,,,,,,,,,,,GPT tools replaced our documentation team,"AI took over my job. I’m trying to stay positive, but it’s hard.",2023-07-18
,,,,,,,,,,,AI-driven layoffs hit our department,"I never thought my job in logistics could be automated, but here we are. AI systems are now doing what I used to do.",2025-01-09
,,,,,,,,,,,AI-driven layoffs hit our department,"I worked in customer service for over a decade. Last month, they replaced our entire team with AI bots. It's devastating.",2024-04-28
,,,,,,,,,,,Laid off after 12 years due to AI integration,"I worked in customer service for over a decade. Last month, they replaced our entire team with AI bots. It's devastating.",2024-08-12
,,,,,,,,,,,Automation took over my logistics job,"I never thought my job in logistics could be automated, but here we are. AI systems are now doing what I used to do.",2025-05-15
,,,,,,,,,,,AI-driven layoffs hit our department,"Our department was told that automation would improve efficiency. A week later, we were all laid off.",2024-05-03
,,,,,,,,,,,AI layoffs at my company this week,"AI took over my job. I’m trying to stay positive, but it’s hard.",2023-10-22
,,,,,,,,,,,AI-driven layoffs hit our department,I was laid off last week. They said automation was the future and we were no longer needed.,2025-07-15
,,,,,,,,,,,Automation eliminated my warehouse job,"I feel betrayed. After years of loyalty, a chatbot took over my responsibilities.",2025-09-25
,,,,,,,,,,,Laid off after 12 years due to AI integration,"Our department was told that automation would improve efficiency. A week later, we were all laid off.",2025-09-05
,,,,,,,,,,,GPT tools replaced our documentation team,"I feel betrayed. After years of loyalty, a chatbot took over my responsibilities.",2023-12-17
,,,,,,,,,,,Laid off after 12 years due to AI integration,"They said GPT-style tools would help us, but instead they replaced our entire documentation team.",2025-09-24
,,,,,,,,,,,AI-driven layoffs hit our department,"I never thought my job in logistics could be automated, but here we are. AI systems are now doing what I used to do.",2024-04-05
,,,,,,,,,,,Chatbot replaced our helpdesk,"They said GPT-style tools would help us, but instead they replaced our entire documentation team.",2023-08-20
,,,,,,,,,,,Customer support replaced by chatbots,"I feel betrayed. After years of loyalty, a chatbot took over my responsibilities.",2023-06-15
,,,,,,,,,,,AI-driven layoffs hit our department,I was laid off last week. They said automation was the future and we were no longer needed.,2024-11-19
,,,,,,,,,,,Automation took over my logistics job,"They said GPT-style tools would help us, but instead they replaced our entire documentation team.",2023-11-14
,,,,,,,,,,,GPT tools replaced our documentation team,"Our department was told that automation would improve efficiency. A week later, we were all laid off.",2024-12-17
,,,,,,,,,,,Lost my job to a chatbot,"I feel betrayed. After years of loyalty, a chatbot took over my responsibilities.",2024-07-19
,,,,,,,,,,,AI layoffs at my company this week,Our helpdesk was replaced by a chatbot. I’m still in shock.,2024-03-08
,,,,,,,,,,,AI replaced my role in finance,"I never thought my job in logistics could be automated, but here we are. AI systems are now doing what I used to do.",2025-02-12
,,,,,,,,,,,AI replaced my role in finance,"They said GPT-style tools would help us, but instead they replaced our entire documentation team.",2023-06-29
,,,,,,,,,,,GPT tools replaced our documentation team,I was laid off last week. They said automation was the future and we were no longer needed.,2024-10-27
,,,,,,,,,,,Automation took over my logistics job,"Our department was told that automation would improve efficiency. A week later, we were all laid off.",2023-10-24
,,,,,,,,,,,Automation eliminated my warehouse job,"Our department was told that automation would improve efficiency. A week later, we were all laid off.",2023-03-03
,,,,,,,,,,,Chatbot replaced our helpdesk,The finance team was downsized after AI tools were introduced. I was one of the first to go.,2023-09-17
,,,,,,,,,,,Lost my job to a chatbot,"They said GPT-style tools would help us, but instead they replaced our entire documentation team.",2025-06-02
,,,,,,,,,,,GPT tools replaced our documentation team,I was laid off last week. They said automation was the future and we were no longer needed.,2023-08-20
,,,,,,,,,,,Laid off after 12 years due to AI integration,"Our department was told that automation would improve efficiency. A week later, we were all laid off.",2024-05-02
,,,,,,,,,,,AI replaced my role in finance,Our helpdesk was replaced by a chatbot. I’m still in shock.,2025-10-15
,,,,,,,,,,,AI-driven layoffs hit our department,Our helpdesk was replaced by a chatbot. I’m still in shock.,2025-11-22
,,,,,,,,,,,Automation eliminated my warehouse job,I was laid off last week. They said automation was the future and we were no longer needed.,2023-02-08
,,,,,,,,,,,AI-driven layoffs hit our department,"I was part of a team that trained AI models. Ironically, those same models made our roles redundant.",2024-01-30
,,,,,,,,,,,Laid off after 12 years due to AI integration,I was laid off last week. They said automation was the future and we were no longer needed.,2024-06-29
,,,,,,,,,,,AI layoffs at my company this week,"I feel betrayed. After years of loyalty, a chatbot took over my responsibilities.",2025-10-25
,,,,,,,,,,,Chatbot replaced our helpdesk,"I never thought my job in logistics could be automated, but here we are. AI systems are now doing what I used to do.",2025-12-05
,,,,,,,,,,,Chatbot replaced our helpdesk,The finance team was downsized after AI tools were introduced. I was one of the first to go.,2025-07-31
,,,,,,,,,,,Lost my job to a chatbot,"I was part of a team that trained AI models. Ironically, those same models made our roles redundant.",2023-09-01
,,,,,,,,,,,Automation eliminated my warehouse job,"They said GPT-style tools would help us, but instead they replaced our entire documentation team.",2024-11-21
,,,,,,,,,,,Automation took over my logistics job,"I was part of a team that trained AI models. Ironically, those same models made our roles redundant.",2023-09-26
,,,,,,,,,,,Lost my job to a chatbot,The finance team was downsized after AI tools were introduced. I was one of the first to go.,2025-05-04
,,,,,,,,,,,Customer support replaced by chatbots,Our helpdesk was replaced by a chatbot. I’m still in shock.,2023-01-10
,,,,,,,,,,,Automation took over my logistics job,Our helpdesk was replaced by a chatbot. I’m still in shock.,2024-07-20
,,,,,,,,,,,Automation took over my logistics job,"I worked in customer service for over a decade. Last month, they replaced our entire team with AI bots. It's devastating.",2023-12-09
,,,,,,,,,,,AI replaced my role in finance,"I never thought my job in logistics could be automated, but here we are. AI systems are now doing what I used to do.",2023-08-22
,,,,,,,,,,,Automation took over my logistics job,I was laid off last week. They said automation was the future and we were no longer needed.,2023-01-12
,,,,,,,,,,,Automation eliminated my warehouse job,"AI took over my job. I’m trying to stay positive, but it’s hard.",2025-01-11
,,,,,,,,,,,Chatbot replaced our helpdesk,"I never thought my job in logistics could be automated, but here we are. AI systems are now doing what I used to do.",2024-01-26
,,,,,,,,,,,Lost my job to a chatbot,"I was part of a team that trained AI models. Ironically, those same models made our roles redundant.",2025-02-05
,,,,,,,,,,,Automation eliminated my warehouse job,I was laid off last week. They said automation was the future and we were no longer needed.,2025-08-30
,,,,,,,,,,,Chatbot replaced our helpdesk,"I was part of a team that trained AI models. Ironically, those same models made our roles redundant.",2023-08-16
,,,,,,,,,,,AI layoffs at my company this week,"Our department was told that automation would improve efficiency. A week later, we were all laid off.",2023-08-14
,,,,,,,,,,,GPT tools replaced our documentation team,"Our department was told that automation would improve efficiency. A week later, we were all laid off.",2024-05-05
,,,,,,,,,,,AI layoffs at my company this week,"They said GPT-style tools would help us, but instead they replaced our entire documentation team.",2025-07-11
,,,,,,,,,,,Laid off after 12 years due to AI integration,"I never thought my job in logistics could be automated, but here we are. AI systems are now doing what I used to do.",2023-10-28
,,,,,,,,,,,AI layoffs at my company this week,"I worked in customer service for over a decade. Last month, they replaced our entire team with AI bots. It's devastating.",2024-12-26
,,,,,,,,,,,Laid off after 12 years due to AI integration,"AI took over my job. I’m trying to stay positive, but it’s hard.",2024-12-15
,,,,,,,,,,,Customer support replaced by chatbots,"Our department was told that automation would improve efficiency. A week later, we were all laid off.",2023-10-31
,,,,,,,,,,,Automation eliminated my warehouse job,"I worked in customer service for over a decade. Last month, they replaced our entire team with AI bots. It's devastating.",2023-10-23
,,,,,,,,,,,Automation eliminated my warehouse job,"I worked in customer service for over a decade. Last month, they replaced our entire team with AI bots. It's devastating.",2023-04-27
,,,,,,,,,,,Lost my job to a chatbot,"I was part of a team that trained AI models. Ironically, those same models made our roles redundant.",2025-05-26
,,,,,,,,,,,Chatbot replaced our helpdesk,"I feel betrayed. After years of loyalty, a chatbot took over my responsibilities.",2024-08-10
,,,,,,,,,,,Laid off after 12 years due to AI integration,"I never thought my job in logistics could be automated, but here we are. AI systems are now doing what I used to do.",2025-09-22
,,,,,,,,,,,Laid off after 12 years due to AI integration,"AI took over my job. I’m trying to stay positive, but it’s hard.",2024-01-23
,,,,,,,,,,,Automation eliminated my warehouse job,"AI took over my job. I’m trying to stay positive, but it’s hard.",2025-01-28
,,,,,,,,,,,Customer support replaced by chatbots,The finance team was downsized after AI tools were introduced. I was one of the first to go.,2024-10-15
,,,,,,,,,,,Laid off after 12 years due to AI integration,"They said GPT-style tools would help us, but instead they replaced our entire documentation team.",2024-11-12
,,,,,,,,,,,GPT tools replaced our documentation team,The finance team was downsized after AI tools were introduced. I was one of the first to go.,2025-06-10
,,,,,,,,,,,Lost my job to a chatbot,I was laid off last week. They said automation was the future and we were no longer needed.,2024-02-12
,,,,,,,,,,,Chatbot replaced our helpdesk,"I never thought my job in logistics could be automated, but here we are. AI systems are now doing what I used to do.",2023-07-19
,,,,,,,,,,,Lost my job to a chatbot,"I was part of a team that trained AI models. Ironically, those same models made our roles redundant.",2024-05-28
,,,,,,,,,,,AI layoffs at my company this week,"I worked in customer service for over a decade. Last month, they replaced our entire team with AI bots. It's devastating.",2025-07-01
,,,,,,,,,,,Laid off after 12 years due to AI integration,"Our department was told that automation would improve efficiency. A week later, we were all laid off.",2023-01-30
,,,,,,,,,,,GPT tools replaced our documentation team,"AI took over my job. I’m trying to stay positive, but it’s hard.",2025-04-06
,,,,,,,,,,,AI-driven layoffs hit our department,"AI took over my job. I’m trying to stay positive, but it’s hard.",2025-02-20
,,,,,,,,,,,Customer support replaced by chatbots,The finance team was downsized after AI tools were introduced. I was one of the first to go.,2025-07-11
,,,,,,,,,,,AI replaced my role in finance,"AI took over my job. I’m trying to stay positive, but it’s hard.",2024-09-06
,,,,,,,,,,,GPT tools replaced our documentation team,"I worked in customer service for over a decade. Last month, they replaced our entire team with AI bots. It's devastating.",2023-09-17
,,,,,,,,,,,Lost my job to a chatbot,I was laid off last week. They said automation was the future and we were no longer needed.,2023-04-16
,,,,,,,,,,,Customer support replaced by chatbots,I was laid off last week. They said automation was the future and we were no longer needed.,2025-08-24
,,,,,,,,,,,GPT tools replaced our documentation team,"I worked in customer service for over a decade. Last month, they replaced our entire team with AI bots. It's devastating.",2025-12-24
,,,,,,,,,,,AI layoffs at my company this week,"Our department was told that automation would improve efficiency. A week later, we were all laid off.",2025-02-09
,,,,,,,,,,,Automation eliminated my warehouse job,The finance team was downsized after AI tools were introduced. I was one of the first to go.,2023-12-29
,,,,,,,,,,,Automation took over my logistics job,"I never thought my job in logistics could be automated, but here we are. AI systems are now doing what I used to do.",2025-01-18
,,,,,,,,,,,Customer support replaced by chatbots,"I never thought my job in logistics could be automated, but here we are. AI systems are now doing what I used to do.",2025-03-15
,,,,,,,,,,,AI-driven layoffs hit our department,"I never thought my job in logistics could be automated, but here we are. AI systems are now doing what I used to do.",2025-01-05
,,,,,,,,,,,GPT tools replaced our documentation team,"I never thought my job in logistics could be automated, but here we are. AI systems are now doing what I used to do.",2023-01-17
,,,,,,,,,,,Chatbot replaced our helpdesk,"They said GPT-style tools would help us, but instead they replaced our entire documentation team.",2023-12-22
,,,,,,,,,,,AI layoffs at my company this week,"They said GPT-style tools would help us, but instead they replaced our entire documentation team.",2024-04-01
,,,,,,,,,,,AI layoffs at my company this week,"I worked in customer service for over a decade. Last month, they replaced our entire team with AI bots. It's devastating.",2024-02-15
,,,,,,,,,,,Lost my job to a chatbot,The finance team was downsized after AI tools were introduced. I was one of the first to go.,2024-10-23
,,,,,,,,,,,AI-driven layoffs hit our department,Our helpdesk was replaced by a chatbot. I’m still in shock.,2024-05-23
,,,,,,,,,,,Lost my job to a chatbot,"Our department was told that automation would improve efficiency. A week later, we were all laid off.",2024-09-29
,,,,,,,,,,,GPT tools replaced our documentation team,"I was part of a team that trained AI models. Ironically, those same models made our roles redundant.",2023-07-13
,,,,,,,,,,,Lost my job to a chatbot,"I never thought my job in logistics could be automated, but here we are. AI systems are now doing what I used to do.",2025-08-27
,,,,,,,,,,,GPT tools replaced our documentation team,"I was part of a team that trained AI models. Ironically, those same models made our roles redundant.",2024-12-17
,,,,,,,,,,,AI layoffs at my company this week,"Our department was told that automation would improve efficiency. A week later, we were all laid off.",2023-01-21
,,,,,,,,,,,Automation eliminated my warehouse job,"I feel betrayed. After years of loyalty, a chatbot took over my responsibilities.",2024-04-27
,,,,,,,,,,,Automation eliminated my warehouse job,"I never thought my job in logistics could be automated, but here we are. AI systems are now doing what I used to do.",2025-08-02
,,,,,,,,,,,Lost my job to a chatbot,"I worked in customer service for over a decade. Last month, they replaced our entire team with AI bots. It's devastating.",2024-05-06
,,,,,,,,,,,GPT tools replaced our documentation team,"They said GPT-style tools would help us, but instead they replaced our entire documentation team.",2023-06-14
,,,,,,,,,,,Lost my job to a chatbot,"I feel betrayed. After years of loyalty, a chatbot took over my responsibilities.",2025-08-03
,,,,,,,,,,,Customer support replaced by chatbots,"AI took over my job. I’m trying to stay positive, but it’s hard.",2023-08-10
,,,,,,,,,,,AI replaced my role in finance,"AI took over my job. I’m trying to stay positive, but it’s hard.",2024-12-12
,,,,,,,,,,,Customer support replaced by chatbots,The finance team was downsized after AI tools were introduced. I was one of the first to go.,2025-02-26
,,,,,,,,,,,Laid off after 12 years due to AI integration,The finance team was downsized after AI tools were introduced. I was one of the first to go.,2025-08-13
,,,,,,,,,,,Automation eliminated my warehouse job,Our helpdesk was replaced by a chatbot. I’m still in shock.,2024-09-24
,,,,,,,,,,,AI-driven layoffs hit our department,"AI took over my job. I’m trying to stay positive, but it’s hard.",2024-06-06
,,,,,,,,,,,AI layoffs at my company this week,"I never thought my job in logistics could be automated, but here we are. AI systems are now doing what I used to do.",2025-07-09
,,,,,,,,,,,Lost my job to a chatbot,"AI took over my job. I’m trying to stay positive, but it’s hard.",2024-06-26
,,,,,,,,,,,Lost my job to a chatbot,"They said GPT-style tools would help us, but instead they replaced our entire documentation team.",2025-07-05
,,,,,,,,,,,Laid off after 12 years due to AI integration,"Our department was told that automation would improve efficiency. A week later, we were all laid off.",2023-05-09
,,,,,,,,,,,Automation took over my logistics job,"Our department was told that automation would improve efficiency. A week later, we were all laid off.",2023-11-08
,,,,,,,,,,,Customer support replaced by chatbots,"I feel betrayed. After years of loyalty, a chatbot took over my responsibilities.",2025-06-21
,,,,,,,,,,,AI layoffs at my company this week,"I never thought my job in logistics could be automated, but here we are. AI systems are now doing what I used to do.",2025-03-06
,,,,,,,,,,,AI-driven layoffs hit our department,"I worked in customer service for over a decade. Last month, they replaced our entire team with AI bots. It's devastating.",2023-01-19
,,,,,,,,,,,Customer support replaced by chatbots,"I feel betrayed. After years of loyalty, a chatbot took over my responsibilities.",2023-10-24
,,,,,,,,,,,Automation took over my logistics job,I was laid off last week. They said automation was the future and we were no longer needed.,2025-09-22
,,,,,,,,,,,AI replaced my role in finance,"They said GPT-style tools would help us, but instead they replaced our entire documentation team.",2025-02-01
,,,,,,,,,,,Automation eliminated my warehouse job,"I worked in customer service for over a decade. Last month, they replaced our entire team with AI bots. It's devastating.",2024-03-18
,,,,,,,,,,,Chatbot replaced our helpdesk,I was laid off last week. They said automation was the future and we were no longer needed.,2023-11-03
,,,,,,,,,,,GPT tools replaced our documentation team,Our helpdesk was replaced by a chatbot. I’m still in shock.,2024-01-14
,,,,,,,,,,,Chatbot replaced our helpdesk,"AI took over my job. I’m trying to stay positive, but it’s hard.",2023-10-04
,,,,,,,,,,,Customer support replaced by chatbots,Our helpdesk was replaced by a chatbot. I’m still in shock.,2024-03-10
,,,,,,,,,,,AI layoffs at my company this week,"I was part of a team that trained AI models. Ironically, those same models made our roles redundant.",2023-03-03
,,,,,,,,,,,AI layoffs at my company this week,"I feel betrayed. After years of loyalty, a chatbot took over my responsibilities.",2023-08-28
,,,,,,,,,,,Automation eliminated my warehouse job,"AI took over my job. I’m trying to stay positive, but it’s hard.",2023-10-14
,,,,,,,,,,,Lost my job to a chatbot,"I worked in customer service for over a decade. Last month, they replaced our entire team with AI bots. It's devastating.",2025-06-05
,,,,,,,,,,,Laid off after 12 years due to AI integration,The finance team was downsized after AI tools were introduced. I was one of the first to go.,2023-09-03
,,,,,,,,,,,AI layoffs at my company this week,The finance team was downsized after AI tools were introduced. I was one of the first to go.,2023-07-02
,,,,,,,,,,,GPT tools replaced our documentation team,"I was part of a team that trained AI models. Ironically, those same models made our roles redundant.",2024-02-16
,,,,,,,,,,,Chatbot replaced our helpdesk,"They said GPT-style tools would help us, but instead they replaced our entire documentation team.",2023-09-02
,,,,,,,,,,,Customer support replaced by chatbots,"They said GPT-style tools would help us, but instead they replaced our entire documentation team.",2024-09-20
,,,,,,,,,,,Customer support replaced by chatbots,"Our department was told that automation would improve efficiency. A week later, we were all laid off.",2024-08-22
,,,,,,,,,,,Lost my job to a chatbot,"I worked in customer service for over a decade. Last month, they replaced our entire team with AI bots. It's devastating.",2023-08-08
,,,,,,,,,,,AI layoffs at my company this week,"I was part of a team that trained AI models. Ironically, those same models made our roles redundant.",2024-10-28
,,,,,,,,,,,Lost my job to a chatbot,"I was part of a team that trained AI models. Ironically, those same models made our roles redundant.",2023-11-17
,,,,,,,,,,,AI layoffs at my company this week,The finance team was downsized after AI tools were introduced. I was one of the first to go.,2023-03-19
,,,,,,,,,,,Customer support replaced by chatbots,"They said GPT-style tools would help us, but instead they replaced our entire documentation team.",2024-08-08
,,,,,,,,,,,Lost my job to a chatbot,"I was part of a team that trained AI models. Ironically, those same models made our roles redundant.",2025-08-08
,,,,,,,,,,,AI layoffs at my company this week,Our helpdesk was replaced by a chatbot. I’m still in shock.,2024-11-01
,,,,,,,,,,,Lost my job to a chatbot,"I was part of a team that trained AI models. Ironically, those same models made our roles redundant.",2024-04-11
,,,,,,,,,,,Laid off after 12 years due to AI integration,"I was part of a team that trained AI models. Ironically, those same models made our roles redundant.",2023-09-24
,,,,,,,,,,,GPT tools replaced our documentation team,The finance team was downsized after AI tools were introduced. I was one of the first to go.,2024-08-07
,,,,,,,,,,,Lost my job to a chatbot,"I never thought my job in logistics could be automated, but here we are. AI systems are now doing what I used to do.",2025-02-02
,,,,,,,,,,,Chatbot replaced our helpdesk,"They said GPT-style tools would help us, but instead they replaced our entire documentation team.",2023-02-20
,,,,,,,,,,,Automation eliminated my warehouse job,The finance team was downsized after AI tools were introduced. I was one of the first to go.,2023-03-21
,,,,,,,,,,,Chatbot replaced our helpdesk,I was laid off last week. They said automation was the future and we were no longer needed.,2024-07-07
,,,,,,,,,,,Chatbot replaced our helpdesk,I was laid off last week. They said automation was the future and we were no longer needed.,2024-04-16
,,,,,,,,,,,Automation eliminated my warehouse job,"They said GPT-style tools would help us, but instead they replaced our entire documentation team.",2025-03-19
,,,,,,,,,,,Lost my job to a chatbot,"Our department was told that automation would improve efficiency. A week later, we were all laid off.",2024-03-30
,,,,,,,,,,,GPT tools replaced our documentation team,I was laid off last week. They said automation was the future and we were no longer needed.,2025-12-02
,,,,,,,,,,,Automation took over my logistics job,"I feel betrayed. After years of loyalty, a chatbot took over my responsibilities.",2024-07-27
,,,,,,,,,,,AI replaced my role in finance,"They said GPT-style tools would help us, but instead they replaced our entire documentation team.",2025-02-22
,,,,,,,,,,,AI layoffs at my company this week,"I never thought my job in logistics could be automated, but here we are. AI systems are now doing what I used to do.",2025-10-07
,,,,,,,,,,,Automation eliminated my warehouse job,"I was part of a team that trained AI models. Ironically, those same models made our roles redundant.",2024-10-08
,,,,,,,,,,,AI-driven layoffs hit our department,"They said GPT-style tools would help us, but instead they replaced our entire documentation team.",2025-12-13
,,,,,,,,,,,Chatbot replaced our helpdesk,"AI took over my job. I’m trying to stay positive, but it’s hard.",2023-11-15
,,,,,,,,,,,Chatbot replaced our helpdesk,The finance team was downsized after AI tools were introduced. I was one of the first to go.,2023-12-13
,,,,,,,,,,,Customer support replaced by chatbots,"I was part of a team that trained AI models. Ironically, those same models made our roles redundant.",2025-02-17
,,,,,,,,,,,Laid off after 12 years due to AI integration,"I worked in customer service for over a decade. Last month, they replaced our entire team with AI bots. It's devastating.",2024-11-19
,,,,,,,,,,,Chatbot replaced our helpdesk,"AI took over my job. I’m trying to stay positive, but it’s hard.",2025-09-07
,,,,,,,,,,,Chatbot replaced our helpdesk,"I never thought my job in logistics could be automated, but here we are. AI systems are now doing what I used to do.",2024-02-22
,,,,,,,,,,,Customer support replaced by chatbots,I was laid off last week. They said automation was the future and we were no longer needed.,2025-06-28
,,,,,,,,,,,AI-driven layoffs hit our department,"They said GPT-style tools would help us, but instead they replaced our entire documentation team.",2025-09-08
,,,,,,,,,,,AI replaced my role in finance,"I feel betrayed. After years of loyalty, a chatbot took over my responsibilities.",2025-08-31
,,,,,,,,,,,AI-driven layoffs hit our department,"I was part of a team that trained AI models. Ironically, those same models made our roles redundant.",2024-07-02
,,,,,,,,,,,AI layoffs at my company this week,Our helpdesk was replaced by a chatbot. I’m still in shock.,2025-09-04
,,,,,,,,,,,AI-driven layoffs hit our department,"I worked in customer service for over a decade. Last month, they replaced our entire team with AI bots. It's devastating.",2024-10-31
,,,,,,,,,,,Chatbot replaced our helpdesk,Our helpdesk was replaced by a chatbot. I’m still in shock.,2023-04-22
,,,,,,,,,,,Automation eliminated my warehouse job,Our helpdesk was replaced by a chatbot. I’m still in shock.,2025-11-21
,,,,,,,,,,,Lost my job to a chatbot,Our helpdesk was replaced by a chatbot. I’m still in shock.,2023-08-05
,,,,,,,,,,,Automation eliminated my warehouse job,"I never thought my job in logistics could be automated, but here we are. AI systems are now doing what I used to do.",2025-06-16
,,,,,,,,,,,Automation eliminated my warehouse job,"Our department was told that automation would improve efficiency. A week later, we were all laid off.",2025-06-18
,,,,,,,,,,,AI replaced my role in finance,Our helpdesk was replaced by a chatbot. I’m still in shock.,2023-02-02
,,,,,,,,,,,AI replaced my role in finance,"They said GPT-style tools would help us, but instead they replaced our entire documentation team.",2024-10-10
,,,,,,,,,,,GPT tools replaced our documentation team,"I worked in customer service for over a decade. Last month, they replaced our entire team with AI bots. It's devastating.",2025-06-21
,,,,,,,,,,,AI-driven layoffs hit our department,"I worked in customer service for over a decade. Last month, they replaced our entire team with AI bots. It's devastating.",2025-01-03
,,,,,,,,,,,AI-driven layoffs hit our department,"I never thought my job in logistics could be automated, but here we are. AI systems are now doing what I used to do.",2024-06-12
,,,,,,,,,,,AI replaced my role in finance,I was laid off last week. They said automation was the future and we were no longer needed.,2023-02-22
,,,,,,,,,,,Lost my job to a chatbot,"I was part of a team that trained AI models. Ironically, those same models made our roles redundant.",2023-04-16
,,,,,,,,,,,AI layoffs at my company this week,"I never thought my job in logistics could be automated, but here we are. AI systems are now doing what I used to do.",2024-01-03
,,,,,,,,,,,Lost my job to a chatbot,"AI took over my job. I’m trying to stay positive, but it’s hard.",2025-11-09
,,,,,,,,,,,GPT tools replaced our documentation team,Our helpdesk was replaced by a chatbot. I’m still in shock.,2023-05-03
,,,,,,,,,,,GPT tools replaced our documentation team,Our helpdesk was replaced by a chatbot. I’m still in shock.,2024-01-13
,,,,,,,,,,,Lost my job to a chatbot,"I was part of a team that trained AI models. Ironically, those same models made our roles redundant.",2023-05-31
,,,,,,,,,,,Customer support replaced by chatbots,Our helpdesk was replaced by a chatbot. I’m still in shock.,2025-02-12
,,,,,,,,,,,AI-driven layoffs hit our department,I was laid off last week. They said automation was the future and we were no longer needed.,2023-08-01
,,,,,,,,,,,Customer support replaced by chatbots,"I feel betrayed. After years of loyalty, a chatbot took over my responsibilities.",2024-08-28
,,,,,,,,,,,Automation took over my logistics job,"AI took over my job. I’m trying to stay positive, but it’s hard.",2024-11-17
,,,,,,,,,,,AI-driven layoffs hit our department,"They said GPT-style tools would help us, but instead they replaced our entire documentation team.",2025-09-15
,,,,,,,,,,,AI layoffs at my company this week,The finance team was downsized after AI tools were introduced. I was one of the first to go.,2024-12-18
,,,,,,,,,,,Chatbot replaced our helpdesk,"I worked in customer service for over a decade. Last month, they replaced our entire team with AI bots. It's devastating.",2023-07-03
,,,,,,,,,,,Customer support replaced by chatbots,I was laid off last week. They said automation was the future and we were no longer needed.,2024-05-03
,,,,,,,,,,,Chatbot replaced our helpdesk,I was laid off last week. They said automation was the future and we were no longer needed.,2024-12-22
,,,,,,,,,,,Automation took over my logistics job,"AI took over my job. I’m trying to stay positive, but it’s hard.",2023-07-27
,,,,,,,,,,,AI layoffs at my company this week,Our helpdesk was replaced by a chatbot. I’m still in shock.,2023-10-06
,,,,,,,,,,,Laid off after 12 years due to AI integration,"I never thought my job in logistics could be automated, but here we are. AI systems are now doing what I used to do.",2024-11-21
,,,,,,,,,,,Customer support replaced by chatbots,I was laid off last week. They said automation was the future and we were no longer needed.,2024-02-17
,,,,,,,,,,,Chatbot replaced our helpdesk,"I was part of a team that trained AI models. Ironically, those same models made our roles redundant.",2025-12-06
,,,,,,,,,,,Laid off after 12 years due to AI integration,"I feel betrayed. After years of loyalty, a chatbot took over my responsibilities.",2025-10-09
,,,,,,,,,,,GPT tools replaced our documentation team,I was laid off last week. They said automation was the future and we were no longer needed.,2024-02-23
,,,,,,,,,,,Laid off after 12 years due to AI integration,"I feel betrayed. After years of loyalty, a chatbot took over my responsibilities.",2024-09-12
,,,,,,,,,,,Automation took over my logistics job,"I was part of a team that trained AI models. Ironically, those same models made our roles redundant.",2025-01-03
,,,,,,,,,,,Chatbot replaced our helpdesk,"I worked in customer service for over a decade. Last month, they replaced our entire team with AI bots. It's devastating.",2023-12-30
,,,,,,,,,,,AI layoffs at my company this week,Our helpdesk was replaced by a chatbot. I’m still in shock.,2024-07-13
,,,,,,,,,,,GPT tools replaced our documentation team,"I was part of a team that trained AI models. Ironically, those same models made our roles redundant.",2023-11-29
,,,,,,,,,,,Automation took over my logistics job,The finance team was downsized after AI tools were introduced. I was one of the first to go.,2024-02-15
,,,,,,,,,,,AI-driven layoffs hit our department,The finance team was downsized after AI tools were introduced. I was one of the first to go.,2025-02-11
,,,,,,,,,,,Lost my job to a chatbot,"They said GPT-style tools would help us, but instead they replaced our entire documentation team.",2023-03-10
,,,,,,,,,,,Automation eliminated my warehouse job,"I never thought my job in logistics could be automated, but here we are. AI systems are now doing what I used to do.",2025-10-15
,,,,,,,,,,,Automation eliminated my warehouse job,Our helpdesk was replaced by a chatbot. I’m still in shock.,2025-02-15
,,,,,,,,,,,Automation eliminated my warehouse job,"AI took over my job. I’m trying to stay positive, but it’s hard.",2023-03-27
,,,,,,,,,,,GPT tools replaced our documentation team,"Our department was told that automation would improve efficiency. A week later, we were all laid off.",2025-04-06
,,,,,,,,,,,AI-driven layoffs hit our department,"I feel betrayed. After years of loyalty, a chatbot took over my responsibilities.",2024-11-12
,,,,,,,,,,,AI replaced my role in finance,"AI took over my job. I’m trying to stay positive, but it’s hard.",2024-07-21
,,,,,,,,,,,AI layoffs at my company this week,"AI took over my job. I’m trying to stay positive, but it’s hard.",2024-03-10
,,,,,,,,,,,Chatbot replaced our helpdesk,"I never thought my job in logistics could be automated, but here we are. AI systems are now doing what I used to do.",2025-03-04
,,,,,,,,,,,Lost my job to a chatbot,"I worked in customer service for over a decade. Last month, they replaced our entire team with AI bots. It's devastating.",2025-05-04
,,,,,,,,,,,Automation eliminated my warehouse job,"I worked in customer service for over a decade. Last month, they replaced our entire team with AI bots. It's devastating.",2023-06-14
,,,,,,,,,,,AI layoffs at my company this week,Our helpdesk was replaced by a chatbot. I’m still in shock.,2023-02-09
,,,,,,,,,,,Automation eliminated my warehouse job,"I worked in customer service for over a decade. Last month, they replaced our entire team with AI bots. It's devastating.",2025-08-27
,,,,,,,,,,,Laid off after 12 years due to AI integration,"I feel betrayed. After years of loyalty, a chatbot took over my responsibilities.",2025-04-17
,,,,,,,,,,,GPT tools replaced our documentation team,"I was part of a team that trained AI models. Ironically, those same models made our roles redundant.",2025-05-07
,,,,,,,,,,,AI layoffs at my company this week,"I worked in customer service for over a decade. Last month, they replaced our entire team with AI bots. It's devastating.",2025-08-23
,,,,,,,,,,,Laid off after 12 years due to AI integration,The finance team was downsized after AI tools were introduced. I was one of the first to go.,2024-05-31
,,,,,,,,,,,Automation eliminated my warehouse job,"I feel betrayed. After years of loyalty, a chatbot took over my responsibilities.",2023-12-31
,,,,,,,,,,,Customer support replaced by chatbots,"I worked in customer service for over a decade. Last month, they replaced our entire team with AI bots. It's devastating.",2025-04-30
,,,,,,,,,,,Customer support replaced by chatbots,Our helpdesk was replaced by a chatbot. I’m still in shock.,2023-09-04
,,,,,,,,,,,Automation took over my logistics job,"I feel betrayed. After years of loyalty, a chatbot took over my responsibilities.",2023-07-28
,,,,,,,,,,,Customer support replaced by chatbots,"I feel betrayed. After years of loyalty, a chatbot took over my responsibilities.",2024-02-25
,,,,,,,,,,,Laid off after 12 years due to AI integration,"AI took over my job. I’m trying to stay positive, but it’s hard.",2023-03-20
,,,,,,,,,,,AI layoffs at my company this week,The finance team was downsized after AI tools were introduced. I was one of the first to go.,2025-12-16
,,,,,,,,,,,Automation took over my logistics job,"I was part of a team that trained AI models. Ironically, those same models made our roles redundant.",2023-05-25
,,,,,,,,,,,GPT tools replaced our documentation team,The finance team was downsized after AI tools were introduced. I was one of the first to go.,2024-02-24
,,,,,,,,,,,GPT tools replaced our documentation team,Our helpdesk was replaced by a chatbot. I’m still in shock.,2023-02-05
,,,,,,,,,,,Chatbot replaced our helpdesk,"Our department was told that automation would improve efficiency. A week later, we were all laid off.",2024-03-08
,,,,,,,,,,,Automation eliminated my warehouse job,"I was part of a team that trained AI models. Ironically, those same models made our roles redundant.",2023-03-08
,,,,,,,,,,,GPT tools replaced our documentation team,The finance team was downsized after AI tools were introduced. I was one of the first to go.,2025-10-07
,,,,,,,,,,,Chatbot replaced our helpdesk,"I feel betrayed. After years of loyalty, a chatbot took over my responsibilities.",2023-02-24
,,,,,,,,,,,Customer support replaced by chatbots,"I never thought my job in logistics could be automated, but here we are. AI systems are now doing what I used to do.",2023-10-13
,,,,,,,,,,,AI layoffs at my company this week,I was laid off last week. They said automation was the future and we were no longer needed.,2024-10-04
,,,,,,,,,,,AI layoffs at my company this week,The finance team was downsized after AI tools were introduced. I was one of the first to go.,2025-11-14
,,,,,,,,,,,Chatbot replaced our helpdesk,The finance team was downsized after AI tools were introduced. I was one of the first to go.,2023-08-01
,,,,,,,,,,,GPT tools replaced our documentation team,"I was part of a team that trained AI models. Ironically, those same models made our roles redundant.",2025-01-10
,,,,,,,,,,,Lost my job to a chatbot,The finance team was downsized after AI tools were introduced. I was one of the first to go.,2023-06-11
,,,,,,,,,,,GPT tools replaced our documentation team,"I was part of a team that trained AI models. Ironically, those same models made our roles redundant.",2023-07-08
,,,,,,,,,,,Chatbot replaced our helpdesk,"I worked in customer service for over a decade. Last month, they replaced our entire team with AI bots. It's devastating.",2025-08-13
,,,,,,,,,,,Automation eliminated my warehouse job,"AI took over my job. I’m trying to stay positive, but it’s hard.",2024-03-27
,,,,,,,,,,,AI layoffs at my company this week,"I worked in customer service for over a decade. Last month, they replaced our entire team with AI bots. It's devastating.",2024-07-24
,,,,,,,,,,,Customer support replaced by chatbots,"Our department was told that automation would improve efficiency. A week later, we were all laid off.",2025-03-01
,,,,,,,,,,,AI layoffs at my company this week,"I feel betrayed. After years of loyalty, a chatbot took over my responsibilities.",2025-01-03
,,,,,,,,,,,Lost my job to a chatbot,"I worked in customer service for over a decade. Last month, they replaced our entire team with AI bots. It's devastating.",2025-01-02
,,,,,,,,,,,Automation took over my logistics job,I was laid off last week. They said automation was the future and we were no longer needed.,2024-09-06
,,,,,,,,,,,Customer support replaced by chatbots,The finance team was downsized after AI tools were introduced. I was one of the first to go.,2023-08-25
,,,,,,,,,,,GPT tools replaced our documentation team,"Our department was told that automation would improve efficiency. A week later, we were all laid off.",2024-11-20
,,,,,,,,,,,Automation took over my logistics job,"They said GPT-style tools would help us, but instead they replaced our entire documentation team.",2025-07-19
,,,,,,,,,,,Chatbot replaced our helpdesk,"I never thought my job in logistics could be automated, but here we are. AI systems are now doing what I used to do.",2025-03-29
,,,,,,,,,,,Chatbot replaced our helpdesk,"I was part of a team that trained AI models. Ironically, those same models made our roles redundant.",2023-01-14
,,,,,,,,,,,Customer support replaced by chatbots,"They said GPT-style tools would help us, but instead they replaced our entire documentation team.",2024-10-29
,,,,,,,,,,,AI replaced my role in finance,I was laid off last week. They said automation was the future and we were no longer needed.,2025-06-12
,,,,,,,,,,,Automation eliminated my warehouse job,Our helpdesk was replaced by a chatbot. I’m still in shock.,2023-04-18
,,,,,,,,,,,Automation took over my logistics job,"AI took over my job. I’m trying to stay positive, but it’s hard.",2025-06-02
,,,,,,,,,,,AI-driven layoffs hit our department,"Our department was told that automation would improve efficiency. A week later, we were all laid off.",2023-06-06
,,,,,,,,,,,AI-driven layoffs hit our department,"I never thought my job in logistics could be automated, but here we are. AI systems are now doing what I used to do.",2025-05-30
,,,,,,,,,,,Chatbot replaced our helpdesk,Our helpdesk was replaced by a chatbot. I’m still in shock.,2024-05-31
,,,,,,,,,,,Laid off after 12 years due to AI integration,The finance team was downsized after AI tools were introduced. I was one of the first to go.,2024-08-21
,,,,,,,,,,,AI layoffs at my company this week,The finance team was downsized after AI tools were introduced. I was one of the first to go.,2025-12-07
,,,,,,,,,,,GPT tools replaced our documentation team,The finance team was downsized after AI tools were introduced. I was one of the first to go.,2024-07-04
,,,,,,,,,,,Automation eliminated my warehouse job,"AI took over my job. I’m trying to stay positive, but it’s hard.",2025-09-19
,,,,,,,,,,,Automation eliminated my warehouse job,Our helpdesk was replaced by a chatbot. I’m still in shock.,2024-11-07
,,,,,,,,,,,Chatbot replaced our helpdesk,"I worked in customer service for over a decade. Last month, they replaced our entire team with AI bots. It's devastating.",2023-11-06
,,,,,,,,,,,AI-driven layoffs hit our department,"AI took over my job. I’m trying to stay positive, but it’s hard.",2024-01-10
,,,,,,,,,,,Automation took over my logistics job,"I never thought my job in logistics could be automated, but here we are. AI systems are now doing what I used to do.",2025-06-20
,,,,,,,,,,,AI layoffs at my company this week,"AI took over my job. I’m trying to stay positive, but it’s hard.",2025-10-13
,,,,,,,,,,,Automation eliminated my warehouse job,"I worked in customer service for over a decade. Last month, they replaced our entire team with AI bots. It's devastating.",2025-05-02
,,,,,,,,,,,Automation took over my logistics job,The finance team was downsized after AI tools were introduced. I was one of the first to go.,2024-04-12
,,,,,,,,,,,AI replaced my role in finance,I was laid off last week. They said automation was the future and we were no longer needed.,2024-08-18
,,,,,,,,,,,AI layoffs at my company this week,"I never thought my job in logistics could be automated, but here we are. AI systems are now doing what I used to do.",2023-09-20
,,,,,,,,,,,Customer support replaced by chatbots,"I worked in customer service for over a decade. Last month, they replaced our entire team with AI bots. It's devastating.",2023-09-21
,,,,,,,,,,,AI replaced my role in finance,"AI took over my job. I’m trying to stay positive, but it’s hard.",2024-02-06
